TIC ID,class
125789421,Delta Scuti
284657297,Delta Scuti
452950264,Delta Scuti
400143989,Delta Scuti
105576509,Delta Scuti
452284693,Delta Scuti
201247029,Delta Scuti
36339974,Delta Scuti
21161683,Delta Scuti
247525083,Delta Scuti
72676503,Delta Scuti
304841699,Delta Scuti
49900443,Delta Scuti
138552623,Delta Scuti
247326566,Delta Scuti
184414370,Delta Scuti
318068449,Delta Scuti
141837163,Delta Scuti
95216013,Delta Scuti
268184928,Delta Scuti
185366885,Delta Scuti
369375070,Delta Scuti
382728237,Delta Scuti
83386612,Delta Scuti
16453042,Delta Scuti
111436356,Delta Scuti
343408049,Delta Scuti
405519556,Delta Scuti
251450801,Delta Scuti
26242399,Delta Scuti
150431712,Delta Scuti
376298399,Delta Scuti
141813941,Delta Scuti
351898266,Delta Scuti
117132396,Delta Scuti
468930596,Delta Scuti
116937581,Delta Scuti
74965177,Delta Scuti
268077447,Delta Scuti
191759141,Delta Scuti
200545850,Delta Scuti
142301856,Delta Scuti
150268967,Delta Scuti
364105875,Delta Scuti
349429886,Delta Scuti
220504623,Delta Scuti
142353095,Delta Scuti
167024118,Delta Scuti
72092306,Delta Scuti
243173546,Delta Scuti
343449712,Delta Scuti
82685055,Delta Scuti
16604331,Delta Scuti
321811294,Delta Scuti
331952136,Delta Scuti
286753878,Delta Scuti
10047989,Delta Scuti
155362975,Delta Scuti
293394749,Delta Scuti
75407572,Delta Scuti
148041056,Delta Scuti
12156415,Delta Scuti
289336056,Delta Scuti
74986243,Delta Scuti
39815864,Delta Scuti
259906536,Delta Scuti
293885048,Delta Scuti
392348819,Delta Scuti
192074855,Delta Scuti
465459353,Delta Scuti
394151432,Delta Scuti
435744606,Delta Scuti
318478774,Delta Scuti
367897693,Delta Scuti
142059636,Delta Scuti
173086198,Delta Scuti
334782805,Delta Scuti
160753846,Delta Scuti
402502248,Delta Scuti
276536154,Delta Scuti
373312262,Delta Scuti
58226738,Delta Scuti
44191774,Delta Scuti
463755154,Delta Scuti
435934710,Delta Scuti
142062951,Delta Scuti
301313302,Delta Scuti
284447230,Delta Scuti
233608844,Delta Scuti
239135374,Delta Scuti
18445978,Delta Scuti
97164920,Delta Scuti
74705624,Delta Scuti
61149134,Delta Scuti
66807721,Delta Scuti
383808648,Delta Scuti
93725853,Delta Scuti
125361729,Delta Scuti
461545977,Delta Scuti
138130434,Delta Scuti
25102797,Delta Scuti
76066301,Delta Scuti
123576485,Delta Scuti
404630592,Delta Scuti
410451583,Delta Scuti
312043244,Delta Scuti
367370090,Delta Scuti
258053346,Delta Scuti
118267777,Delta Scuti
345354244,Delta Scuti
346231856,Delta Scuti
234274232,Delta Scuti
334632691,Delta Scuti
84729507,Delta Scuti
363454805,Delta Scuti
358216034,Delta Scuti
57597784,Delta Scuti
315739657,Delta Scuti
108567854,Delta Scuti
192263424,Delta Scuti
114788209,Delta Scuti
354410962,Delta Scuti
427739240,Delta Scuti
272489559,Delta Scuti
264163127,Delta Scuti
435994811,Delta Scuti
125544383,Delta Scuti
70036070,Delta Scuti
25211001,Delta Scuti
66488360,Delta Scuti
372163405,Delta Scuti
301249896,Delta Scuti
262869955,Delta Scuti
157118534,Delta Scuti
63905200,Delta Scuti
461262165,Delta Scuti
413253402,Delta Scuti
81094707,Delta Scuti
401978879,Delta Scuti
285049320,Delta Scuti
16155498,Delta Scuti
117061983,Delta Scuti
97703000,Delta Scuti
30156100,Delta Scuti
7844614,Delta Scuti
300308577,Delta Scuti
301160105,Delta Scuti
262444323,Delta Scuti
158960327,Delta Scuti
435383519,Delta Scuti
243228551,Delta Scuti
260947147,Delta Scuti
436138120,Delta Scuti
4167254,Delta Scuti
307586438,Delta Scuti
181598285,Delta Scuti
298328904,Delta Scuti
217281803,Delta Scuti
53905457,Delta Scuti
166984647,Delta Scuti
83374825,Delta Scuti
382784899,Delta Scuti
75054460,Delta Scuti
364110020,Delta Scuti
247296415,Delta Scuti
125353405,Delta Scuti
393387344,Delta Scuti
108288789,Delta Scuti
299377216,Delta Scuti
142123434,Delta Scuti
172367948,Delta Scuti
120511762,Delta Scuti
75219691,Delta Scuti
27846290,Delta Scuti
326452246,Delta Scuti
207379511,Delta Scuti
267937362,Delta Scuti
234121527,Delta Scuti
15391879,Delta Scuti
130924175,Delta Scuti
384999905,Delta Scuti
58625248,Delta Scuti
97491785,Delta Scuti
135428006,Delta Scuti
313437640,Delta Scuti
141974614,Delta Scuti
251180918,Delta Scuti
326425350,Delta Scuti
187452313,Delta Scuti
323710333,Delta Scuti
39406171,Delta Scuti
416760165,Delta Scuti
150785574,Delta Scuti
149769633,Delta Scuti
8362121,Delta Scuti
78006928,Delta Scuti
153288878,Delta Scuti
151240150,Delta Scuti
33290448,Delta Scuti
157441688,Delta Scuti
378423301,Delta Scuti
427464597,Delta Scuti
242558187,Delta Scuti
13116674,Delta Scuti
52418109,Delta Scuti
443853630,Delta Scuti
22222900,Delta Scuti
418758089,Delta Scuti
256957417,Delta Scuti
95117620,Delta Scuti
19452131,Delta Scuti
293115094,Delta Scuti
268435069,Delta Scuti
63126947,Delta Scuti
148133694,Delta Scuti
352151379,Delta Scuti
70907641,Delta Scuti
461313540,Delta Scuti
84335552,Delta Scuti
98423203,Delta Scuti
86489229,Delta Scuti
274966971,Delta Scuti
142202425,Delta Scuti
366884106,Delta Scuti
52290743,Delta Scuti
464577298,Delta Scuti
136849311,Delta Scuti
251370301,Delta Scuti
125268829,Delta Scuti
453484691,Delta Scuti
24952937,Delta Scuti
285922977,Delta Scuti
244256898,Delta Scuti
443789875,Delta Scuti
14440855,Delta Scuti
74985289,Delta Scuti
192548706,Delta Scuti
24566789,Delta Scuti
111562856,Delta Scuti
96290668,Delta Scuti
8007106,Delta Scuti
166660195,Delta Scuti
39816142,Delta Scuti
115072732,Delta Scuti
243140272,Delta Scuti
364034722,Delta Scuti
276356347,Delta Scuti
273774413,Delta Scuti
343593561,Delta Scuti
341269497,Delta Scuti
251239377,Delta Scuti
362609307,Delta Scuti
292956731,Delta Scuti
116740373,Delta Scuti
270947023,Delta Scuti
468902806,Delta Scuti
138450153,Delta Scuti
450046379,Delta Scuti
308399075,Delta Scuti
143216088,Delta Scuti
343290690,Delta Scuti
301692667,Delta Scuti
435879767,Delta Scuti
142070016,Delta Scuti
115233625,Delta Scuti
7273196,Delta Scuti
172039634,Delta Scuti
457035927,Delta Scuti
343259321,Delta Scuti
301510246,Delta Scuti
58686929,Delta Scuti
118599430,Delta Scuti
268024930,Delta Scuti
234520142,Delta Scuti
306819129,Delta Scuti
446745255,Delta Scuti
469049962,Delta Scuti
377362152,Delta Scuti
103307231,Delta Scuti
95477165,Delta Scuti
201062859,Delta Scuti
127246209,Delta Scuti
365050449,Delta Scuti
417333401,Delta Scuti
407600392,Delta Scuti
267714365,Delta Scuti
262596437,Delta Scuti
359678383,Delta Scuti
150350748,Delta Scuti
86130733,Delta Scuti
113672483,Delta Scuti
235396448,Delta Scuti
340142515,Delta Scuti
80185023,Delta Scuti
301139498,Delta Scuti
7617789,Delta Scuti
301276687,Delta Scuti
273169714,Delta Scuti
299898131,Delta Scuti
16644151,Delta Scuti
160199165,Delta Scuti
376716686,Delta Scuti
1259033,Delta Scuti
376904850,Delta Scuti
280730930,Delta Scuti
48561400,Delta Scuti
307624942,Delta Scuti
247364001,Delta Scuti
111906181,Delta Scuti
452557710,Delta Scuti
443965230,Delta Scuti
83790198,Delta Scuti
301871361,Delta Scuti
302424665,Delta Scuti
330687497,Delta Scuti
358764969,Delta Scuti
360968490,Delta Scuti
418525388,Delta Scuti
344236485,Delta Scuti
68578384,Delta Scuti
164552077,Delta Scuti
242815823,Delta Scuti
463815246,Delta Scuti
360389739,Delta Scuti
251937148,Delta Scuti
403128238,Delta Scuti
389879413,Delta Scuti
412961147,Delta Scuti
268020379,Delta Scuti
19028616,Delta Scuti
94016403,Delta Scuti
436176398,Delta Scuti
50184747,Delta Scuti
132369656,Delta Scuti
411844772,Delta Scuti
125791946,Delta Scuti
31516453,Delta Scuti
224092545,Delta Scuti
284864419,Delta Scuti
213239686,Delta Scuti
318276493,Delta Scuti
285051141,Delta Scuti
68354587,Delta Scuti
14612633,Delta Scuti
158740726,Delta Scuti
440690782,Delta Scuti
87383945,Delta Scuti
270714432,Delta Scuti
24190922,Delta Scuti
44985521,Delta Scuti
304690667,Delta Scuti
232483398,Delta Scuti
24750998,Delta Scuti
427454665,Delta Scuti
104903555,Delta Scuti
16381021,Delta Scuti
7902980,Delta Scuti
51014693,Delta Scuti
425432866,Delta Scuti
96514469,Delta Scuti
235211554,Delta Scuti
75432998,Delta Scuti
284447030,Delta Scuti
359270265,Delta Scuti
285705392,Delta Scuti
438528002,Delta Scuti
125788776,Delta Scuti
315098210,Delta Scuti
48219932,Delta Scuti
72974152,Delta Scuti
101775009,Delta Scuti
359967449,Delta Scuti
66913043,Delta Scuti
402369126,Delta Scuti
101615566,Delta Scuti
359887309,Delta Scuti
461281455,Delta Scuti
83537643,Delta Scuti
284425906,Delta Scuti
139700906,Delta Scuti
81744253,Delta Scuti
87028808,Delta Scuti
234111319,Delta Scuti
443910170,Delta Scuti
232022366,Delta Scuti
91686156,Delta Scuti
234556111,Delta Scuti
156755902,Delta Scuti
468986905,Delta Scuti
141978876,Delta Scuti
66671861,Delta Scuti
351771293,Delta Scuti
443822950,Delta Scuti
281898045,Delta Scuti
264336421,Delta Scuti
280734946,Delta Scuti
460626243,Delta Scuti
150228299,Delta Scuti
178411260,Delta Scuti
91694399,Delta Scuti
82124391,Delta Scuti
158719548,Delta Scuti
252946984,Delta Scuti
217445292,Delta Scuti
139792029,Delta Scuti
284386383,Delta Scuti
302815987,Delta Scuti
178061958,Delta Scuti
464880966,Delta Scuti
419156073,Delta Scuti
367014184,Delta Scuti
125368230,Delta Scuti
106368499,Delta Scuti
376860605,Delta Scuti
364508486,Delta Scuti
150334340,Delta Scuti
106750355,Delta Scuti
368576188,Delta Scuti
350963345,Delta Scuti
232149726,Delta Scuti
33045250,Delta Scuti
296429708,Delta Scuti
119693578,Delta Scuti
70092417,Delta Scuti
83532054,Delta Scuti
125174457,Delta Scuti
456850079,Delta Scuti
37996204,Delta Scuti
310000381,Delta Scuti
261203891,Delta Scuti
235548392,Delta Scuti
428860793,Delta Scuti
215582288,Delta Scuti
261108013,Delta Scuti
276345283,Delta Scuti
234171460,Delta Scuti
469259182,Delta Scuti
410930215,Delta Scuti
142055255,Delta Scuti
436167001,Delta Scuti
377047956,Delta Scuti
461272587,Delta Scuti
385589694,Delta Scuti
268330767,Delta Scuti
251157293,Delta Scuti
91696910,Delta Scuti
91618070,Delta Scuti
376687314,Delta Scuti
231185312,Delta Scuti
405106078,Delta Scuti
180846685,Delta Scuti
49085415,Delta Scuti
183910134,Delta Scuti
68540498,Delta Scuti
175475830,Delta Scuti
339448880,Delta Scuti
150437899,Delta Scuti
33147677,Delta Scuti
119362929,Delta Scuti
377049136,Delta Scuti
94541882,Delta Scuti
285026194,Delta Scuti
445266504,Delta Scuti
17811619,Delta Scuti
83461344,Delta Scuti
394219551,Delta Scuti
402534936,Delta Scuti
74832277,Delta Scuti
164586382,Delta Scuti
315810130,Delta Scuti
108650574,Delta Scuti
83368782,Delta Scuti
452982723,Delta Scuti
272811813,Delta Scuti
10536613,Delta Scuti
88569358,Delta Scuti
19847200,Delta Scuti
5392693,Delta Scuti
49187161,Delta Scuti
85623308,Delta Scuti
33409358,Delta Scuti
309623153,Delta Scuti
234083479,Delta Scuti
67331247,Delta Scuti
293392956,Delta Scuti
328304978,Delta Scuti
73352377,Delta Scuti
159191044,Delta Scuti
386154220,Delta Scuti
123151282,Delta Scuti
16771560,Delta Scuti
125666345,Delta Scuti
436057010,Delta Scuti
114603620,Delta Scuti
167208552,Delta Scuti
286459146,Delta Scuti
53173467,Delta Scuti
417809261,Delta Scuti
306179642,Delta Scuti
454245960,Delta Scuti
394015973,Delta Scuti
57976388,Delta Scuti
58475194,Delta Scuti
18550162,Delta Scuti
298430798,Delta Scuti
142140720,Delta Scuti
138056415,Delta Scuti
320842011,Delta Scuti
45245048,Delta Scuti
209102186,Delta Scuti
201175605,Delta Scuti
363101464,Delta Scuti
367301365,Delta Scuti
323109998,Delta Scuti
238830991,Delta Scuti
152370107,Delta Scuti
94582748,Delta Scuti
143079876,Delta Scuti
250022670,Delta Scuti
263496454,Delta Scuti
184224098,Delta Scuti
159190524,Delta Scuti
165448744,Delta Scuti
452704109,Delta Scuti
453396873,Delta Scuti
447601189,Delta Scuti
234167666,Delta Scuti
419414731,Delta Scuti
148668056,Delta Scuti
201291943,Delta Scuti
43795583,Delta Scuti
284729193,Delta Scuti
341294179,Delta Scuti
229390865,Delta Scuti
217944874,Delta Scuti
182536368,Delta Scuti
3960276,Delta Scuti
419353122,Delta Scuti
309854196,Delta Scuti
117063153,Delta Scuti
33149129,Delta Scuti
67905568,Delta Scuti
59213189,Delta Scuti
208576321,Delta Scuti
65144371,Delta Scuti
123107967,Delta Scuti
234055029,Delta Scuti
11350668,Delta Scuti
229167951,Delta Scuti
332078713,Delta Scuti
464955936,Delta Scuti
331374266,Delta Scuti
366621177,Delta Scuti
293564927,Delta Scuti
293563279,Delta Scuti
284996536,Delta Scuti
83459739,Delta Scuti
200806294,Delta Scuti
279362771,Delta Scuti
276055067,Delta Scuti
265606698,Delta Scuti
152714879,Delta Scuti
377019427,Delta Scuti
436090735,Delta Scuti
452609144,Delta Scuti
342583955,Delta Scuti
17106825,Delta Scuti
99079331,Delta Scuti
77237929,Delta Scuti
170887438,Delta Scuti
70887502,Delta Scuti
93334213,Delta Scuti
86780980,Delta Scuti
17329905,Delta Scuti
402961709,Delta Scuti
59608160,Delta Scuti
309559245,Delta Scuti
251157554,Delta Scuti
154566747,Delta Scuti
175736908,Delta Scuti
50835817,Delta Scuti
37793254,Delta Scuti
167214947,Delta Scuti
178135087,Delta Scuti
90475275,Delta Scuti
361780927,Delta Scuti
224544751,Delta Scuti
142179287,Delta Scuti
192626655,Delta Scuti
184181455,Delta Scuti
138285753,Delta Scuti
4291006,Delta Scuti
353885970,Delta Scuti
158787200,Delta Scuti
301397768,Delta Scuti
457926395,Delta Scuti
461540453,Delta Scuti
102183089,Delta Scuti
29662381,Delta Scuti
24537208,Delta Scuti
360647145,Delta Scuti
59608614,Delta Scuti
231525930,Delta Scuti
114141877,Delta Scuti
236396746,Delta Scuti
16053262,Delta Scuti
300843166,Delta Scuti
460655233,Delta Scuti
461979328,Delta Scuti
451111420,Delta Scuti
469036078,Delta Scuti
327918448,Delta Scuti
271307951,Delta Scuti
383943761,Delta Scuti
435976519,Delta Scuti
247680000,Delta Scuti
73632752,Delta Scuti
293578055,Delta Scuti
285149078,Delta Scuti
217957686,Delta Scuti
368447209,Delta Scuti
134759842,Delta Scuti
41256025,Delta Scuti
158916489,Delta Scuti
91625173,Delta Scuti
390019991,Delta Scuti
151284241,Delta Scuti
53997666,Delta Scuti
167096831,Delta Scuti
93510427,Delta Scuti
402609722,Delta Scuti
164910960,Delta Scuti
425202628,Delta Scuti
18997890,Delta Scuti
442898959,Delta Scuti
394562880,Delta Scuti
385350679,Delta Scuti
8161150,Delta Scuti
91619889,Delta Scuti
24949148,Delta Scuti
192334221,Delta Scuti
360620447,Delta Scuti
7815472,Delta Scuti
99934473,Delta Scuti
384399917,Delta Scuti
352229000,Delta Scuti
432009119,Delta Scuti
431479727,Delta Scuti
331202251,Delta Scuti
284677085,Delta Scuti
114551874,Delta Scuti
268052589,Delta Scuti
269026204,Delta Scuti
412393952,Delta Scuti
294097368,Delta Scuti
193620391,Delta Scuti
264692072,Delta Scuti
235124533,Delta Scuti
453218578,Delta Scuti
169168772,Delta Scuti
86751871,Delta Scuti
36773878,Delta Scuti
461370803,Delta Scuti
394134559,Delta Scuti
337604655,Delta Scuti
267683996,Delta Scuti
456470891,Delta Scuti
25000323,Delta Scuti
385212613,Delta Scuti
66510457,Delta Scuti
394566745,Delta Scuti
60132232,Delta Scuti
21967369,Delta Scuti
167571515,Delta Scuti
76669312,Delta Scuti
155443782,Delta Scuti
255686138,Delta Scuti
258978550,Delta Scuti
301624130,Delta Scuti
443900046,Delta Scuti
216858074,Delta Scuti
468985290,Delta Scuti
451424697,Delta Scuti
175409424,Delta Scuti
377158163,Delta Scuti
75881632,Delta Scuti
420136536,Delta Scuti
254142011,Delta Scuti
444005912,Delta Scuti
284619103,Delta Scuti
257642604,Delta Scuti
393573334,Delta Scuti
140872839,Delta Scuti
176004490,Delta Scuti
418295789,Delta Scuti
150339088,Delta Scuti
259915271,Delta Scuti
418608928,Delta Scuti
141340650,Delta Scuti
29106885,Delta Scuti
80986474,Delta Scuti
142066421,Delta Scuti
385656544,Delta Scuti
67127214,Delta Scuti
410554732,Delta Scuti
144821521,Delta Scuti
142528352,Delta Scuti
184427844,Delta Scuti
447954621,Delta Scuti
231864125,Delta Scuti
368497799,Delta Scuti
19028740,Delta Scuti
78772886,Delta Scuti
393880762,Delta Scuti
309931768,Delta Scuti
284588437,Delta Scuti
142213341,Delta Scuti
393887753,Delta Scuti
309718307,Delta Scuti
14612516,Delta Scuti
234611773,Delta Scuti
123029418,Delta Scuti
92196687,Delta Scuti
101580331,Delta Scuti
319905236,Delta Scuti
256074437,Delta Scuti
431883737,Delta Scuti
175381058,Delta Scuti
367551618,Delta Scuti
128022104,Delta Scuti
184255523,Delta Scuti
282051545,Delta Scuti
418733264,Delta Scuti
318163050,Delta Scuti
82201419,Delta Scuti
270737821,Delta Scuti
360638053,Delta Scuti
123931553,Delta Scuti
367401850,Delta Scuti
58440894,Delta Scuti
367916769,Delta Scuti
432206235,Delta Scuti
24539889,Delta Scuti
226028695,Delta Scuti
296213123,Delta Scuti
360753689,Delta Scuti
376977674,Delta Scuti
91557311,Delta Scuti
150975818,Delta Scuti
417916452,Delta Scuti
165329005,Delta Scuti
402415889,Delta Scuti
31849805,Delta Scuti
367143296,Delta Scuti
91615630,Delta Scuti
397522881,Delta Scuti
435710525,Delta Scuti
199550589,Delta Scuti
162159860,Delta Scuti
3664782,Delta Scuti
36864008,Delta Scuti
419091281,Delta Scuti
61474606,Delta Scuti
447438857,Delta Scuti
373210707,Delta Scuti
333621753,Delta Scuti
158632599,Delta Scuti
167319572,Delta Scuti
356528601,Delta Scuti
41211703,Delta Scuti
175667595,Delta Scuti
435916016,Delta Scuti
210843446,Delta Scuti
76638479,Delta Scuti
368837390,Delta Scuti
355915039,Delta Scuti
281615144,Delta Scuti
385114229,Delta Scuti
77890959,Delta Scuti
31645465,Delta Scuti
307980547,Delta Scuti
435680711,Delta Scuti
167634382,Delta Scuti
91481087,Delta Scuti
231632822,Delta Scuti
29521574,Delta Scuti
269065746,Delta Scuti
426535014,Delta Scuti
234293950,Delta Scuti
274511577,Delta Scuti
372106996,Delta Scuti
123102123,Delta Scuti
58715647,Delta Scuti
166808854,Delta Scuti
43358373,Delta Scuti
363904185,Delta Scuti
117418088,Delta Scuti
242611698,Delta Scuti
139481694,Delta Scuti
8170267,Delta Scuti
441936235,Delta Scuti
414207423,Delta Scuti
444769894,Delta Scuti
66826104,Delta Scuti
426821925,Delta Scuti
205535890,Delta Scuti
32924586,Delta Scuti
142082235,Delta Scuti
251065571,Delta Scuti
234064016,Delta Scuti
262202871,Delta Scuti
172083639,Delta Scuti
310309046,Delta Scuti
284525374,Delta Scuti
344403076,Delta Scuti
234516307,Delta Scuti
242569744,Delta Scuti
100013759,Delta Scuti
27333497,Delta Scuti
318090762,Delta Scuti
159180123,Eclipsing Binaries
47391523,Eclipsing Binaries
74990459,Eclipsing Binaries
160061594,Eclipsing Binaries
167663377,Eclipsing Binaries
309761751,Eclipsing Binaries
142242021,Eclipsing Binaries
153935773,Eclipsing Binaries
243247806,Eclipsing Binaries
318170024,Eclipsing Binaries
4384015,Eclipsing Binaries
99867688,Eclipsing Binaries
234330672,Eclipsing Binaries
109518927,Eclipsing Binaries
251139624,Eclipsing Binaries
79222623,Eclipsing Binaries
323708781,Eclipsing Binaries
297722743,Eclipsing Binaries
17303250,Eclipsing Binaries
289736404,Eclipsing Binaries
276733713,Eclipsing Binaries
259869165,Eclipsing Binaries
77852538,Eclipsing Binaries
92025383,Eclipsing Binaries
30100096,Eclipsing Binaries
99903074,Eclipsing Binaries
354008657,Eclipsing Binaries
75067462,Eclipsing Binaries
34720876,Eclipsing Binaries
200805484,Eclipsing Binaries
351556896,Eclipsing Binaries
278709610,Eclipsing Binaries
175482273,Eclipsing Binaries
33490313,Eclipsing Binaries
248338152,Eclipsing Binaries
352312163,Eclipsing Binaries
257469111,Eclipsing Binaries
456938870,Eclipsing Binaries
38403151,Eclipsing Binaries
258354968,Eclipsing Binaries
130948035,Eclipsing Binaries
115286241,Eclipsing Binaries
316277119,Eclipsing Binaries
301795154,Eclipsing Binaries
439842788,Eclipsing Binaries
159070887,Eclipsing Binaries
16327581,Eclipsing Binaries
142513039,Eclipsing Binaries
429993062,Eclipsing Binaries
165494144,Eclipsing Binaries
153734545,Eclipsing Binaries
452821590,Eclipsing Binaries
349161254,Eclipsing Binaries
154237222,Eclipsing Binaries
335378221,Eclipsing Binaries
281803169,Eclipsing Binaries
200657815,Eclipsing Binaries
289936047,Eclipsing Binaries
125998301,Eclipsing Binaries
234387434,Eclipsing Binaries
233684437,Eclipsing Binaries
176070624,Eclipsing Binaries
358390619,Eclipsing Binaries
250958181,Eclipsing Binaries
444152736,Eclipsing Binaries
117392209,Eclipsing Binaries
360462284,Eclipsing Binaries
21288949,Eclipsing Binaries
61089040,Eclipsing Binaries
38215399,Eclipsing Binaries
192931939,Eclipsing Binaries
401838759,Eclipsing Binaries
469392945,Eclipsing Binaries
58610522,Eclipsing Binaries
68411074,Eclipsing Binaries
150410449,Eclipsing Binaries
42207371,Eclipsing Binaries
377202282,Eclipsing Binaries
133493449,Eclipsing Binaries
217813958,Eclipsing Binaries
85241470,Eclipsing Binaries
49043968,Eclipsing Binaries
83771935,Eclipsing Binaries
301289516,Eclipsing Binaries
33552859,Eclipsing Binaries
126313031,Eclipsing Binaries
33004581,Eclipsing Binaries
233576902,Eclipsing Binaries
181474047,Eclipsing Binaries
229043374,Eclipsing Binaries
237615573,Eclipsing Binaries
197808424,Eclipsing Binaries
100264497,Eclipsing Binaries
259862740,Eclipsing Binaries
197983399,Eclipsing Binaries
33406966,Eclipsing Binaries
318314084,Eclipsing Binaries
2051450909,Eclipsing Binaries
356840454,Eclipsing Binaries
66733986,Eclipsing Binaries
410871357,Eclipsing Binaries
6924958,Eclipsing Binaries
318752487,Eclipsing Binaries
176401794,Eclipsing Binaries
141975967,Eclipsing Binaries
293566075,Eclipsing Binaries
91986990,Eclipsing Binaries
142319272,Eclipsing Binaries
985576490,Eclipsing Binaries
393696179,Eclipsing Binaries
67043241,Eclipsing Binaries
261105031,Eclipsing Binaries
318235879,Eclipsing Binaries
468968316,Eclipsing Binaries
331926543,Eclipsing Binaries
218169429,Eclipsing Binaries
238556371,Eclipsing Binaries
68746914,Eclipsing Binaries
95709095,Eclipsing Binaries
49920512,Eclipsing Binaries
393671421,Eclipsing Binaries
327166211,Eclipsing Binaries
368941517,Eclipsing Binaries
393672364,Eclipsing Binaries
141922698,Eclipsing Binaries
25118854,Eclipsing Binaries
1461316,Eclipsing Binaries
167391869,Eclipsing Binaries
76284876,Eclipsing Binaries
376603777,Eclipsing Binaries
125198503,Eclipsing Binaries
310263910,Eclipsing Binaries
385352025,Eclipsing Binaries
61965932,Eclipsing Binaries
293473583,Eclipsing Binaries
301193954,Eclipsing Binaries
436131579,Eclipsing Binaries
158582033,Eclipsing Binaries
97365825,Eclipsing Binaries
393744873,Eclipsing Binaries
460431850,Eclipsing Binaries
23815575,Eclipsing Binaries
281716779,Eclipsing Binaries
242868964,Eclipsing Binaries
54961185,Eclipsing Binaries
73876957,Eclipsing Binaries
441012828,Eclipsing Binaries
259860383,Eclipsing Binaries
41173515,Eclipsing Binaries
142197564,Eclipsing Binaries
316775995,Eclipsing Binaries
359897566,Eclipsing Binaries
94037079,Eclipsing Binaries
312234928,Eclipsing Binaries
371241950,Eclipsing Binaries
335439998,Eclipsing Binaries
124246762,Eclipsing Binaries
259574777,Eclipsing Binaries
2143663,Eclipsing Binaries
24845300,Eclipsing Binaries
302823795,Eclipsing Binaries
8622491,Eclipsing Binaries
343340516,Eclipsing Binaries
259377017,Eclipsing Binaries
437320573,Eclipsing Binaries
435584547,Eclipsing Binaries
404528808,Eclipsing Binaries
125629717,Eclipsing Binaries
376784620,Eclipsing Binaries
377041106,Eclipsing Binaries
251002108,Eclipsing Binaries
200546736,Eclipsing Binaries
352021114,Eclipsing Binaries
165655125,Eclipsing Binaries
409883914,Eclipsing Binaries
91532667,Eclipsing Binaries
366660960,Eclipsing Binaries
393497156,Eclipsing Binaries
167596713,Eclipsing Binaries
385552392,Eclipsing Binaries
192542237,Eclipsing Binaries
47876411,Eclipsing Binaries
419065843,Eclipsing Binaries
122069599,Eclipsing Binaries
175601180,Eclipsing Binaries
219511994,Eclipsing Binaries
8002207,Eclipsing Binaries
41593383,Eclipsing Binaries
33065679,Eclipsing Binaries
318208755,Eclipsing Binaries
304274584,Eclipsing Binaries
75737865,Eclipsing Binaries
91639902,Eclipsing Binaries
243186354,Eclipsing Binaries
159857726,Eclipsing Binaries
409384217,Eclipsing Binaries
71795293,Eclipsing Binaries
24461485,Eclipsing Binaries
229581160,Eclipsing Binaries
272568264,Eclipsing Binaries
32940243,Eclipsing Binaries
70524163,Eclipsing Binaries
200781336,Eclipsing Binaries
100566492,Eclipsing Binaries
393641966,Eclipsing Binaries
393705081,Eclipsing Binaries
16284697,Eclipsing Binaries
355895373,Eclipsing Binaries
142356990,Eclipsing Binaries
206384081,Eclipsing Binaries
395200830,Eclipsing Binaries
8279593,Eclipsing Binaries
84212221,Eclipsing Binaries
38608972,Eclipsing Binaries
402325063,Eclipsing Binaries
100196036,Eclipsing Binaries
250956034,Eclipsing Binaries
148968781,Eclipsing Binaries
38395910,Eclipsing Binaries
125699421,Eclipsing Binaries
397256341,Eclipsing Binaries
323878236,Eclipsing Binaries
261211978,Eclipsing Binaries
343040066,Eclipsing Binaries
384352343,Eclipsing Binaries
394013574,Eclipsing Binaries
4610015,Eclipsing Binaries
9054318,Eclipsing Binaries
134198986,Eclipsing Binaries
16420040,Eclipsing Binaries
146602452,Eclipsing Binaries
87933908,Eclipsing Binaries
360412654,Eclipsing Binaries
232071189,Eclipsing Binaries
301709298,Eclipsing Binaries
56813164,Eclipsing Binaries
452569041,Eclipsing Binaries
376925207,Eclipsing Binaries
243202691,Eclipsing Binaries
68808155,Eclipsing Binaries
303526026,Eclipsing Binaries
66572840,Eclipsing Binaries
262573698,Eclipsing Binaries
16288184,Eclipsing Binaries
17562321,Eclipsing Binaries
108940329,Eclipsing Binaries
83541371,Eclipsing Binaries
158794983,Eclipsing Binaries
330997836,Eclipsing Binaries
418721292,Eclipsing Binaries
326442531,Eclipsing Binaries
237205154,Eclipsing Binaries
145031268,Eclipsing Binaries
159397467,Eclipsing Binaries
108464477,Eclipsing Binaries
101005022,Eclipsing Binaries
13098251,Eclipsing Binaries
231913022,Eclipsing Binaries
416721637,Eclipsing Binaries
242621724,Eclipsing Binaries
125580017,Eclipsing Binaries
15757714,Eclipsing Binaries
452645094,Eclipsing Binaries
293379372,Eclipsing Binaries
66503407,Eclipsing Binaries
452479048,Eclipsing Binaries
176011880,Eclipsing Binaries
125206917,Eclipsing Binaries
351869495,Eclipsing Binaries
468991774,Eclipsing Binaries
141461327,Eclipsing Binaries
142394656,Eclipsing Binaries
458857720,Eclipsing Binaries
376993642,Eclipsing Binaries
50710107,Eclipsing Binaries
461349064,Eclipsing Binaries
376936788,Eclipsing Binaries
184025483,Eclipsing Binaries
298786408,Eclipsing Binaries
83605828,Eclipsing Binaries
158732403,Eclipsing Binaries
209408136,Eclipsing Binaries
84284286,Eclipsing Binaries
19909275,Eclipsing Binaries
257434940,Eclipsing Binaries
16034219,Eclipsing Binaries
347753814,Eclipsing Binaries
242946328,Eclipsing Binaries
303833577,Eclipsing Binaries
410420925,Eclipsing Binaries
66766563,Eclipsing Binaries
408688136,Eclipsing Binaries
351609872,Eclipsing Binaries
376847535,Eclipsing Binaries
53365065,Eclipsing Binaries
300522634,Eclipsing Binaries
301877790,Eclipsing Binaries
116608612,Eclipsing Binaries
91614687,Eclipsing Binaries
150347500,Eclipsing Binaries
393745388,Eclipsing Binaries
141783031,Eclipsing Binaries
113182611,Eclipsing Binaries
368604561,Eclipsing Binaries
142441071,Eclipsing Binaries
119557418,Eclipsing Binaries
93415322,Eclipsing Binaries
24480403,Eclipsing Binaries
121856754,Eclipsing Binaries
229069456,Eclipsing Binaries
106760906,Eclipsing Binaries
352510260,Eclipsing Binaries
279536501,Eclipsing Binaries
203149549,Eclipsing Binaries
165325807,Eclipsing Binaries
360411228,Eclipsing Binaries
168145525,Eclipsing Binaries
220537358,Eclipsing Binaries
66716482,Eclipsing Binaries
159080128,Eclipsing Binaries
118195197,Eclipsing Binaries
68755821,Eclipsing Binaries
152539287,Eclipsing Binaries
210709580,Eclipsing Binaries
452749710,Eclipsing Binaries
176002250,Eclipsing Binaries
150975269,Eclipsing Binaries
66514644,Eclipsing Binaries
113032745,Eclipsing Binaries
206538272,Eclipsing Binaries
100603766,Eclipsing Binaries
91928718,Eclipsing Binaries
420574964,Eclipsing Binaries
268535221,Eclipsing Binaries
21581027,Eclipsing Binaries
158273850,Eclipsing Binaries
299317990,Eclipsing Binaries
36105340,Eclipsing Binaries
89096651,Eclipsing Binaries
8262645,Eclipsing Binaries
235279246,Eclipsing Binaries
253937714,Eclipsing Binaries
336006032,Eclipsing Binaries
275575743,Eclipsing Binaries
444004313,Eclipsing Binaries
230394086,Eclipsing Binaries
402129701,Eclipsing Binaries
167746485,Eclipsing Binaries
180286473,Eclipsing Binaries
167759819,Eclipsing Binaries
46299496,Eclipsing Binaries
175397787,Eclipsing Binaries
57364386,Eclipsing Binaries
456862677,Eclipsing Binaries
376993662,Eclipsing Binaries
150357404,Eclipsing Binaries
158629367,Eclipsing Binaries
83106993,Eclipsing Binaries
292476417,Eclipsing Binaries
264053843,Eclipsing Binaries
427593421,Eclipsing Binaries
49590068,Eclipsing Binaries
286627829,Eclipsing Binaries
75322126,Eclipsing Binaries
243511152,Eclipsing Binaries
16115546,Eclipsing Binaries
51129043,Eclipsing Binaries
343834897,Eclipsing Binaries
12423815,Eclipsing Binaries
293738717,Eclipsing Binaries
351781589,Eclipsing Binaries
267751402,Eclipsing Binaries
393688527,Eclipsing Binaries
49535317,Eclipsing Binaries
347361290,Eclipsing Binaries
287627010,Eclipsing Binaries
134468012,Eclipsing Binaries
377181078,Eclipsing Binaries
68392320,Eclipsing Binaries
32925466,Eclipsing Binaries
413084104,Eclipsing Binaries
228381868,Eclipsing Binaries
17432900,Eclipsing Binaries
251094939,Eclipsing Binaries
323641008,Eclipsing Binaries
4164712,Eclipsing Binaries
318185073,Eclipsing Binaries
240026725,Eclipsing Binaries
436724968,Eclipsing Binaries
5505793,Eclipsing Binaries
167251735,Eclipsing Binaries
50793924,Eclipsing Binaries
387373706,Eclipsing Binaries
285007706,Eclipsing Binaries
242526610,Eclipsing Binaries
47706932,Eclipsing Binaries
401926763,Eclipsing Binaries
91504454,Eclipsing Binaries
150410524,Eclipsing Binaries
281636721,Eclipsing Binaries
167418903,Eclipsing Binaries
167172088,Eclipsing Binaries
207005954,Eclipsing Binaries
283494215,Eclipsing Binaries
167524561,Eclipsing Binaries
75262942,Eclipsing Binaries
453892431,Eclipsing Binaries
3563154,Eclipsing Binaries
83355650,Eclipsing Binaries
30493589,Eclipsing Binaries
436123173,Eclipsing Binaries
160224493,Eclipsing Binaries
374211629,Eclipsing Binaries
141782808,Eclipsing Binaries
158867967,Eclipsing Binaries
374213474,Eclipsing Binaries
447783246,Eclipsing Binaries
410985858,Eclipsing Binaries
60150225,Eclipsing Binaries
234376896,Eclipsing Binaries
349071261,Eclipsing Binaries
311918550,Eclipsing Binaries
24529650,Eclipsing Binaries
32997224,Eclipsing Binaries
393981596,Eclipsing Binaries
452508760,Eclipsing Binaries
446434165,Eclipsing Binaries
2771065,Eclipsing Binaries
301610563,Eclipsing Binaries
294667961,Eclipsing Binaries
393498784,Eclipsing Binaries
350598110,Eclipsing Binaries
278954452,Eclipsing Binaries
206558215,Eclipsing Binaries
404851207,Eclipsing Binaries
259353953,Eclipsing Binaries
125553052,Eclipsing Binaries
159024431,Eclipsing Binaries
319305604,Eclipsing Binaries
8239863,Eclipsing Binaries
150496429,Eclipsing Binaries
269201635,Eclipsing Binaries
296137911,Eclipsing Binaries
142505464,Eclipsing Binaries
209709257,Eclipsing Binaries
377335325,Eclipsing Binaries
377057286,Eclipsing Binaries
286919510,Eclipsing Binaries
323687448,Eclipsing Binaries
385664259,Eclipsing Binaries
393877720,Eclipsing Binaries
16133904,Eclipsing Binaries
459823435,Eclipsing Binaries
394721013,Eclipsing Binaries
421602078,Eclipsing Binaries
419591597,Eclipsing Binaries
113554790,Eclipsing Binaries
345036442,Eclipsing Binaries
24807046,Eclipsing Binaries
412391564,Eclipsing Binaries
80453626,Eclipsing Binaries
284062297,Eclipsing Binaries
420455809,Eclipsing Binaries
162731667,Eclipsing Binaries
417119298,Eclipsing Binaries
33413805,Eclipsing Binaries
165893103,Eclipsing Binaries
159198552,Eclipsing Binaries
268342242,Eclipsing Binaries
377263958,Eclipsing Binaries
158570171,Eclipsing Binaries
151755557,Eclipsing Binaries
32845653,Eclipsing Binaries
300651846,Eclipsing Binaries
393951042,Eclipsing Binaries
144921388,Eclipsing Binaries
172599229,Eclipsing Binaries
242264274,Eclipsing Binaries
376779332,Eclipsing Binaries
285006158,Eclipsing Binaries
38399571,Eclipsing Binaries
59969851,Eclipsing Binaries
257994956,Eclipsing Binaries
159117779,Eclipsing Binaries
106264169,Eclipsing Binaries
98852761,Eclipsing Binaries
230395115,Eclipsing Binaries
140381912,Eclipsing Binaries
49735506,Eclipsing Binaries
126948878,Eclipsing Binaries
117156589,Eclipsing Binaries
310098637,Eclipsing Binaries
387444364,Eclipsing Binaries
31020013,Eclipsing Binaries
159834975,Eclipsing Binaries
393716445,Eclipsing Binaries
319483099,Eclipsing Binaries
84551635,Eclipsing Binaries
24372538,Eclipsing Binaries
51563005,Eclipsing Binaries
219505163,Eclipsing Binaries
216649528,Eclipsing Binaries
466204759,Eclipsing Binaries
125587282,Eclipsing Binaries
219894657,Eclipsing Binaries
71599403,Eclipsing Binaries
1272578878,Eclipsing Binaries
232367637,Eclipsing Binaries
162689341,Eclipsing Binaries
75391400,Eclipsing Binaries
309718806,Eclipsing Binaries
141867042,Eclipsing Binaries
243000982,Eclipsing Binaries
438395678,Eclipsing Binaries
251257228,Eclipsing Binaries
443970332,Eclipsing Binaries
427463438,Eclipsing Binaries
250973557,Eclipsing Binaries
167107045,Eclipsing Binaries
242522948,Eclipsing Binaries
158574501,Eclipsing Binaries
122613378,Eclipsing Binaries
159591403,Eclipsing Binaries
41328441,Eclipsing Binaries
281786735,Eclipsing Binaries
382581210,Eclipsing Binaries
250982705,Eclipsing Binaries
452175339,Eclipsing Binaries
357232604,Eclipsing Binaries
265139392,Eclipsing Binaries
153077621,Eclipsing Binaries
159347266,Eclipsing Binaries
66497310,Eclipsing Binaries
334901244,Eclipsing Binaries
49701369,Eclipsing Binaries
163041160,Eclipsing Binaries
220478843,Eclipsing Binaries
268319623,Eclipsing Binaries
377078206,Eclipsing Binaries
402318089,Eclipsing Binaries
234085680,Eclipsing Binaries
49669244,Eclipsing Binaries
309643671,Eclipsing Binaries
219990783,Eclipsing Binaries
32868990,Eclipsing Binaries
385348935,Eclipsing Binaries
291341321,Eclipsing Binaries
8463369,Eclipsing Binaries
337406139,Eclipsing Binaries
83666256,Eclipsing Binaries
137841692,Eclipsing Binaries
446964703,Eclipsing Binaries
259389219,Eclipsing Binaries
192829471,Eclipsing Binaries
91844977,Eclipsing Binaries
439772549,Eclipsing Binaries
238570141,Eclipsing Binaries
158719398,Eclipsing Binaries
53492455,Eclipsing Binaries
238170789,Eclipsing Binaries
383553469,Eclipsing Binaries
134041897,Eclipsing Binaries
360438392,Eclipsing Binaries
59954919,Eclipsing Binaries
151920165,Eclipsing Binaries
141462268,Eclipsing Binaries
97707053,Eclipsing Binaries
142159627,Eclipsing Binaries
429563474,Eclipsing Binaries
242681986,Eclipsing Binaries
72092926,Eclipsing Binaries
206283627,Eclipsing Binaries
288286226,Eclipsing Binaries
83711318,Eclipsing Binaries
260646994,Eclipsing Binaries
142505108,Eclipsing Binaries
468964533,Eclipsing Binaries
49687454,Eclipsing Binaries
125131290,Eclipsing Binaries
142591571,Eclipsing Binaries
393640897,Eclipsing Binaries
270678887,Eclipsing Binaries
41339007,Eclipsing Binaries
394654926,Eclipsing Binaries
343154278,Eclipsing Binaries
233465120,Eclipsing Binaries
263952924,Eclipsing Binaries
158671360,Eclipsing Binaries
423124942,Eclipsing Binaries
326751253,Eclipsing Binaries
288734853,Eclipsing Binaries
175262042,Eclipsing Binaries
60378895,Eclipsing Binaries
260043723,Eclipsing Binaries
452658714,Eclipsing Binaries
452527037,Eclipsing Binaries
154222671,Eclipsing Binaries
192303826,Eclipsing Binaries
186287232,Eclipsing Binaries
4619011,Eclipsing Binaries
438365330,Eclipsing Binaries
277713337,Eclipsing Binaries
18291087,Eclipsing Binaries
250142244,Eclipsing Binaries
409703114,Eclipsing Binaries
460724949,Eclipsing Binaries
175907856,Eclipsing Binaries
184111710,Eclipsing Binaries
354407978,Eclipsing Binaries
403507814,Eclipsing Binaries
419164414,Eclipsing Binaries
261867566,Eclipsing Binaries
310171090,Eclipsing Binaries
288451643,Eclipsing Binaries
138115468,Eclipsing Binaries
33100834,Eclipsing Binaries
393495970,Eclipsing Binaries
152481120,Eclipsing Binaries
440686937,Eclipsing Binaries
343492425,Eclipsing Binaries
106625305,Eclipsing Binaries
369665399,Eclipsing Binaries
238636628,Eclipsing Binaries
80452557,Eclipsing Binaries
352096649,Eclipsing Binaries
242981698,Eclipsing Binaries
158735719,Eclipsing Binaries
393455236,Eclipsing Binaries
242972590,Eclipsing Binaries
329064084,Eclipsing Binaries
410352589,Eclipsing Binaries
400631549,Eclipsing Binaries
242815572,Eclipsing Binaries
160064275,Eclipsing Binaries
125433045,Eclipsing Binaries
209308943,Eclipsing Binaries
91504417,Eclipsing Binaries
68907949,Eclipsing Binaries
33548890,Eclipsing Binaries
183802632,Eclipsing Binaries
408280615,Eclipsing Binaries
293435756,Eclipsing Binaries
150175691,Eclipsing Binaries
24700485,Eclipsing Binaries
376633485,Eclipsing Binaries
92127176,Eclipsing Binaries
322902048,Eclipsing Binaries
63948721,Eclipsing Binaries
435871546,Eclipsing Binaries
286130541,Eclipsing Binaries
251183417,Eclipsing Binaries
12654875,Eclipsing Binaries
341114687,Eclipsing Binaries
135230575,Eclipsing Binaries
268634435,Eclipsing Binaries
48212656,Eclipsing Binaries
373110694,Eclipsing Binaries
165941494,Eclipsing Binaries
459969957,Eclipsing Binaries
58224610,Eclipsing Binaries
229660253,Eclipsing Binaries
294690185,Eclipsing Binaries
451413351,Eclipsing Binaries
232646332,Eclipsing Binaries
269485816,Eclipsing Binaries
175385241,Eclipsing Binaries
125139230,Eclipsing Binaries
150454298,Eclipsing Binaries
138619236,Eclipsing Binaries
16644118,Eclipsing Binaries
399702165,Eclipsing Binaries
142325770,Eclipsing Binaries
252479260,Eclipsing Binaries
49618502,Eclipsing Binaries
275181200,Eclipsing Binaries
464969052,Eclipsing Binaries
159060569,Eclipsing Binaries
89398045,Eclipsing Binaries
301925364,Eclipsing Binaries
377039249,Eclipsing Binaries
105615228,Eclipsing Binaries
302344637,Eclipsing Binaries
278825347,Eclipsing Binaries
284661050,Eclipsing Binaries
228744517,Eclipsing Binaries
713184,Eclipsing Binaries
175533162,Eclipsing Binaries
445807396,Eclipsing Binaries
63797062,Eclipsing Binaries
234280178,Eclipsing Binaries
267572272,Eclipsing Binaries
116999270,Eclipsing Binaries
371188886,Eclipsing Binaries
230287762,Eclipsing Binaries
418733683,Eclipsing Binaries
447975500,Eclipsing Binaries
331880712,Eclipsing Binaries
91741777,Eclipsing Binaries
148782400,Eclipsing Binaries
243243095,Eclipsing Binaries
380114819,Eclipsing Binaries
243115351,Eclipsing Binaries
75267130,Eclipsing Binaries
58287935,Eclipsing Binaries
192973862,Eclipsing Binaries
369533603,Eclipsing Binaries
251002045,Eclipsing Binaries
284597299,Eclipsing Binaries
284749920,Eclipsing Binaries
301579332,Eclipsing Binaries
149253984,Eclipsing Binaries
348686616,Eclipsing Binaries
159989004,Eclipsing Binaries
443810558,Eclipsing Binaries
301934816,Eclipsing Binaries
358501557,Eclipsing Binaries
369369081,Eclipsing Binaries
411217175,Eclipsing Binaries
21287634,Eclipsing Binaries
75592670,Eclipsing Binaries
91734602,Eclipsing Binaries
389197521,Eclipsing Binaries
301518744,Eclipsing Binaries
9156385,Eclipsing Binaries
378606564,Eclipsing Binaries
175399204,Eclipsing Binaries
272944623,Eclipsing Binaries
24972486,Eclipsing Binaries
329118946,Eclipsing Binaries
274318361,Eclipsing Binaries
318356878,Eclipsing Binaries
251616380,Eclipsing Binaries
259594634,Eclipsing Binaries
150437932,Eclipsing Binaries
197240705,Eclipsing Binaries
11085509,Eclipsing Binaries
365246039,Eclipsing Binaries
24921100,Eclipsing Binaries
58229181,Eclipsing Binaries
127109760,Eclipsing Binaries
192659023,Eclipsing Binaries
155998979,Eclipsing Binaries
279856121,Eclipsing Binaries
117101750,Eclipsing Binaries
435575236,Eclipsing Binaries
403016410,Eclipsing Binaries
88408524,Eclipsing Binaries
336724956,Eclipsing Binaries
66779059,Eclipsing Binaries
344954419,Eclipsing Binaries
453814687,Eclipsing Binaries
268397776,Eclipsing Binaries
411925682,Eclipsing Binaries
419407210,Eclipsing Binaries
314513599,Eclipsing Binaries
318707367,Eclipsing Binaries
155873433,Eclipsing Binaries
281145029,Eclipsing Binaries
376688393,Eclipsing Binaries
402183025,Eclipsing Binaries
287140344,Eclipsing Binaries
83191121,Eclipsing Binaries
394594067,Eclipsing Binaries
124702477,Eclipsing Binaries
22221375,Eclipsing Binaries
91594803,Eclipsing Binaries
452557948,Eclipsing Binaries
23836781,Eclipsing Binaries
415397114,Eclipsing Binaries
3693888,Eclipsing Binaries
307233650,Eclipsing Binaries
49901727,Eclipsing Binaries
166965290,Eclipsing Binaries
268037007,Eclipsing Binaries
452769150,Eclipsing Binaries
301196539,Eclipsing Binaries
401986115,Eclipsing Binaries
310167990,Eclipsing Binaries
97833468,Eclipsing Binaries
14879070,Eclipsing Binaries
284397796,Eclipsing Binaries
192586003,Eclipsing Binaries
385506800,Eclipsing Binaries
146420322,Eclipsing Binaries
142521797,Eclipsing Binaries
418827935,Eclipsing Binaries
250952958,Eclipsing Binaries
243177472,Eclipsing Binaries
165413340,Eclipsing Binaries
193948423,Eclipsing Binaries
204544436,Eclipsing Binaries
179566351,Eclipsing Binaries
469016909,Eclipsing Binaries
142472419,Eclipsing Binaries
117145101,Eclipsing Binaries
185991768,Eclipsing Binaries
382158603,Eclipsing Binaries
184400700,Eclipsing Binaries
272758199,Eclipsing Binaries
414933372,Eclipsing Binaries
126582255,Eclipsing Binaries
171853918,Eclipsing Binaries
295440174,Eclipsing Binaries
100659981,Eclipsing Binaries
249189110,Eclipsing Binaries
159140634,Eclipsing Binaries
30488078,Eclipsing Binaries
303302527,Eclipsing Binaries
142158420,Eclipsing Binaries
69499444,Eclipsing Binaries
393948907,Eclipsing Binaries
125566793,Eclipsing Binaries
87226525,Eclipsing Binaries
141904678,Eclipsing Binaries
460957057,Eclipsing Binaries
6081444,Eclipsing Binaries
351667692,Eclipsing Binaries
301406111,Eclipsing Binaries
410451083,Eclipsing Binaries
343814736,Eclipsing Binaries
377083396,Eclipsing Binaries
149473467,Eclipsing Binaries
4160741,Eclipsing Binaries
307210383,Eclipsing Binaries
139301659,Eclipsing Binaries
285519122,Eclipsing Binaries
200363294,Eclipsing Binaries
461313279,Eclipsing Binaries
302264879,Eclipsing Binaries
310266769,Eclipsing Binaries
138497586,Eclipsing Binaries
402329808,Eclipsing Binaries
139227310,Eclipsing Binaries
429496031,Eclipsing Binaries
309930761,Eclipsing Binaries
435994957,Eclipsing Binaries
167746516,Eclipsing Binaries
318235279,Eclipsing Binaries
91477087,Eclipsing Binaries
102637665,Eclipsing Binaries
394124501,Eclipsing Binaries
140040845,Eclipsing Binaries
132088253,Eclipsing Binaries
38467924,Eclipsing Binaries
66808540,Eclipsing Binaries
469460646,Eclipsing Binaries
10150706,Eclipsing Binaries
366610092,Eclipsing Binaries
270428717,Eclipsing Binaries
385711127,Eclipsing Binaries
452183335,Eclipsing Binaries
401863188,Eclipsing Binaries
393858469,Eclipsing Binaries
309582191,Eclipsing Binaries
141811748,Eclipsing Binaries
356022582,Eclipsing Binaries
443890194,Eclipsing Binaries
318706873,Eclipsing Binaries
370247818,Eclipsing Binaries
356832703,Eclipsing Binaries
385232153,Eclipsing Binaries
79317673,Eclipsing Binaries
24350673,Eclipsing Binaries
7791094,Eclipsing Binaries
351701483,Eclipsing Binaries
326524000,Eclipsing Binaries
438641827,Eclipsing Binaries
245026818,Eclipsing Binaries
192562305,Eclipsing Binaries
24375279,Eclipsing Binaries
91810725,Eclipsing Binaries
405661919,Eclipsing Binaries
388152929,Eclipsing Binaries
370038910,Eclipsing Binaries
154786098,Eclipsing Binaries
318125386,Eclipsing Binaries
2938831,Eclipsing Binaries
941377,Eclipsing Binaries
389476160,Eclipsing Binaries
141406020,Eclipsing Binaries
381041517,Eclipsing Binaries
100088370,Eclipsing Binaries
261004903,Eclipsing Binaries
441593360,Eclipsing Binaries
49981592,Eclipsing Binaries
14495145,Eclipsing Binaries
139924731,Eclipsing Binaries
452658846,Eclipsing Binaries
125754991,Eclipsing Binaries
367476595,Eclipsing Binaries
77158157,Eclipsing Binaries
402921061,Eclipsing Binaries
400045957,Eclipsing Binaries
206244644,Eclipsing Binaries
264871406,Eclipsing Binaries
86299451,Eclipsing Binaries
385082387,Eclipsing Binaries
340916754,Eclipsing Binaries
75048532,Eclipsing Binaries
72587835,Eclipsing Binaries
59354634,Eclipsing Binaries
51172694,Eclipsing Binaries
408704252,Eclipsing Binaries
25056387,Eclipsing Binaries
66490576,Eclipsing Binaries
291145873,Eclipsing Binaries
26269876,Eclipsing Binaries
24529630,Eclipsing Binaries
368796638,Eclipsing Binaries
156811502,Eclipsing Binaries
436052079,Eclipsing Binaries
16187321,Eclipsing Binaries
249321727,Eclipsing Binaries
146114222,Eclipsing Binaries
149861538,Eclipsing Binaries
310168188,Eclipsing Binaries
209407002,Eclipsing Binaries
133668208,Eclipsing Binaries
160967216,Eclipsing Binaries
167482228,Eclipsing Binaries
138409572,Eclipsing Binaries
318305863,Eclipsing Binaries
348843066,Eclipsing Binaries
175672383,Eclipsing Binaries
394255584,Eclipsing Binaries
294323529,Eclipsing Binaries
387049629,Eclipsing Binaries
91593557,Eclipsing Binaries
367099102,Eclipsing Binaries
180550791,Eclipsing Binaries
468218857,Eclipsing Binaries
371811873,Eclipsing Binaries
128115333,Eclipsing Binaries
140510193,Eclipsing Binaries
229084277,Eclipsing Binaries
256992368,Eclipsing Binaries
339944586,Eclipsing Binaries
318063607,Eclipsing Binaries
100228422,Eclipsing Binaries
304699070,Eclipsing Binaries
268807066,Eclipsing Binaries
71518023,Eclipsing Binaries
311952339,Eclipsing Binaries
83096510,Eclipsing Binaries
268125683,Eclipsing Binaries
7775630,Eclipsing Binaries
147083749,Eclipsing Binaries
28684611,Eclipsing Binaries
367356832,Eclipsing Binaries
393896077,Eclipsing Binaries
121562733,Eclipsing Binaries
436007914,Eclipsing Binaries
32925468,Eclipsing Binaries
335745221,Eclipsing Binaries
237836624,Eclipsing Binaries
29114757,Eclipsing Binaries
251934204,Eclipsing Binaries
86918641,Eclipsing Binaries
79795853,Eclipsing Binaries
259168350,Eclipsing Binaries
60523137,Eclipsing Binaries
390612726,Eclipsing Binaries
46106659,Eclipsing Binaries
234527336,Eclipsing Binaries
125799260,Eclipsing Binaries
293083061,Eclipsing Binaries
376798243,Eclipsing Binaries
278795607,Eclipsing Binaries
365424605,Eclipsing Binaries
18479004,Eclipsing Binaries
91869778,Eclipsing Binaries
259318425,Eclipsing Binaries
376759282,Eclipsing Binaries
67093765,Eclipsing Binaries
209708399,Eclipsing Binaries
152228087,Eclipsing Binaries
306630834,Eclipsing Binaries
230376136,Eclipsing Binaries
125629001,Eclipsing Binaries
242525903,Eclipsing Binaries
276300389,Eclipsing Binaries
310002617,Eclipsing Binaries
308564820,Eclipsing Binaries
712803050,Eclipsing Binaries
165312148,Eclipsing Binaries
352478956,Eclipsing Binaries
142945532,Eclipsing Binaries
234398964,Eclipsing Binaries
236378843,Eclipsing Binaries
33445288,Eclipsing Binaries
419288053,Eclipsing Binaries
15784358,Eclipsing Binaries
310169661,Eclipsing Binaries
27192769,Eclipsing Binaries
443287143,Eclipsing Binaries
159157551,Eclipsing Binaries
434330408,Eclipsing Binaries
402318321,Eclipsing Binaries
452419843,Eclipsing Binaries
444133031,Eclipsing Binaries
176940979,Eclipsing Binaries
142102437,Eclipsing Binaries
418902302,Eclipsing Binaries
376919336,Eclipsing Binaries
293241138,Eclipsing Binaries
293503701,Eclipsing Binaries
125350315,Eclipsing Binaries
158582802,Eclipsing Binaries
33831424,Eclipsing Binaries
452768103,Eclipsing Binaries
393474128,Eclipsing Binaries
375092714,Eclipsing Binaries
436116795,Eclipsing Binaries
100510076,Eclipsing Binaries
250995651,Eclipsing Binaries
54039889,Eclipsing Binaries
41835561,Eclipsing Binaries
81904743,Eclipsing Binaries
234483387,Eclipsing Binaries
93103110,Eclipsing Binaries
88596690,Eclipsing Binaries
117272578,Eclipsing Binaries
261314215,Eclipsing Binaries
50102520,Eclipsing Binaries
58822428,Eclipsing Binaries
146589739,Eclipsing Binaries
75164365,Eclipsing Binaries
150348228,Eclipsing Binaries
177759816,Eclipsing Binaries
360707798,Eclipsing Binaries
419010653,Eclipsing Binaries
284419719,Eclipsing Binaries
425172025,Eclipsing Binaries
284707066,Eclipsing Binaries
453054355,Eclipsing Binaries
444037850,Eclipsing Binaries
26819372,Eclipsing Binaries
142308083,Eclipsing Binaries
462487517,Eclipsing Binaries
200539901,Eclipsing Binaries
359633572,Eclipsing Binaries
41330864,Eclipsing Binaries
248023044,Eclipsing Binaries
91897582,Eclipsing Binaries
427514873,Eclipsing Binaries
385115009,Eclipsing Binaries
251075427,Eclipsing Binaries
124410741,Eclipsing Binaries
178903770,Eclipsing Binaries
102598640,Eclipsing Binaries
385117626,Eclipsing Binaries
33359175,Eclipsing Binaries
167592545,Eclipsing Binaries
419158634,Eclipsing Binaries
376935065,Eclipsing Binaries
33065877,Eclipsing Binaries
142401469,Eclipsing Binaries
402341092,Eclipsing Binaries
277226392,Eclipsing Binaries
377430449,Eclipsing Binaries
169319248,Eclipsing Binaries
460722920,Eclipsing Binaries
200728570,Eclipsing Binaries
243237686,Eclipsing Binaries
158713807,Eclipsing Binaries
335248459,Eclipsing Binaries
333540625,Eclipsing Binaries
106857945,Eclipsing Binaries
418614625,Eclipsing Binaries
318181542,Eclipsing Binaries
43367409,Eclipsing Binaries
116860293,Eclipsing Binaries
444106991,Eclipsing Binaries
160221258,Eclipsing Binaries
391922670,Eclipsing Binaries
33715938,Eclipsing Binaries
35374399,Eclipsing Binaries
391902612,Eclipsing Binaries
439452620,Eclipsing Binaries
427803691,Eclipsing Binaries
33061033,Eclipsing Binaries
259783805,Eclipsing Binaries
184318559,Eclipsing Binaries
66467864,Eclipsing Binaries
343488871,Eclipsing Binaries
16455696,Eclipsing Binaries
49773622,Eclipsing Binaries
276232142,Eclipsing Binaries
81721931,Eclipsing Binaries
152825734,Eclipsing Binaries
75235465,Eclipsing Binaries
388012501,Eclipsing Binaries
267881247,Eclipsing Binaries
236345690,Eclipsing Binaries
310267002,Eclipsing Binaries
103194166,Eclipsing Binaries
366417421,Eclipsing Binaries
150442268,Eclipsing Binaries
234528232,Eclipsing Binaries
404509598,Eclipsing Binaries
7999894,Eclipsing Binaries
301378576,Eclipsing Binaries
157036171,Eclipsing Binaries
234604001,Eclipsing Binaries
234721262,Eclipsing Binaries
309707198,Eclipsing Binaries
293324034,Eclipsing Binaries
133494557,Eclipsing Binaries
318015382,Eclipsing Binaries
125239005,Eclipsing Binaries
385861239,Eclipsing Binaries
1356672,Eclipsing Binaries
293218490,Eclipsing Binaries
96477926,Eclipsing Binaries
323251754,Eclipsing Binaries
167454589,Eclipsing Binaries
32062341,Eclipsing Binaries
377039882,Eclipsing Binaries
121211827,Eclipsing Binaries
39222116,Eclipsing Binaries
468990720,Eclipsing Binaries
49687456,Eclipsing Binaries
220798009,Eclipsing Binaries
144795358,Eclipsing Binaries
418903977,Eclipsing Binaries
52130954,Eclipsing Binaries
80845742,Eclipsing Binaries
289002332,Eclipsing Binaries
407064902,Eclipsing Binaries
50183757,Eclipsing Binaries
13710677,Eclipsing Binaries
219496655,Eclipsing Binaries
363732872,Eclipsing Binaries
410338793,Eclipsing Binaries
113288606,Eclipsing Binaries
436171983,Eclipsing Binaries
169286196,Eclipsing Binaries
16543563,Eclipsing Binaries
248162376,Eclipsing Binaries
438706259,Eclipsing Binaries
183907025,Eclipsing Binaries
241160055,Eclipsing Binaries
394080750,Eclipsing Binaries
24520424,Eclipsing Binaries
408037229,Eclipsing Binaries
259589045,Eclipsing Binaries
147514690,Eclipsing Binaries
125236734,Eclipsing Binaries
341797684,Eclipsing Binaries
75323361,Eclipsing Binaries
401840741,Eclipsing Binaries
410418820,Eclipsing Binaries
247123279,Eclipsing Binaries
368626010,Eclipsing Binaries
8046155,Eclipsing Binaries
412733211,Eclipsing Binaries
142387775,Eclipsing Binaries
443900773,Eclipsing Binaries
100330572,Eclipsing Binaries
81292606,Eclipsing Binaries
360394509,Eclipsing Binaries
407931404,Eclipsing Binaries
70252818,Eclipsing Binaries
158642736,Eclipsing Binaries
97384236,Eclipsing Binaries
385660623,Eclipsing Binaries
117296072,Eclipsing Binaries
328431679,Eclipsing Binaries
99834717,Eclipsing Binaries
28680442,Eclipsing Binaries
405910546,Eclipsing Binaries
35022727,Eclipsing Binaries
419744996,Eclipsing Binaries
250998786,Eclipsing Binaries
219346938,Eclipsing Binaries
429443700,Eclipsing Binaries
76038357,Eclipsing Binaries
140965117,Eclipsing Binaries
241257847,Eclipsing Binaries
293333013,Eclipsing Binaries
449050247,Eclipsing Binaries
150443185,Eclipsing Binaries
466003005,Eclipsing Binaries
46867880,Eclipsing Binaries
231455524,Eclipsing Binaries
175533160,Eclipsing Binaries
121781362,Eclipsing Binaries
271052191,Eclipsing Binaries
292945181,Eclipsing Binaries
176085795,Eclipsing Binaries
125289048,Eclipsing Binaries
452719311,Eclipsing Binaries
392534720,Eclipsing Binaries
326092468,Eclipsing Binaries
445080466,Eclipsing Binaries
121094784,Eclipsing Binaries
261421096,Eclipsing Binaries
51134829,Eclipsing Binaries
83466581,Eclipsing Binaries
443961200,Eclipsing Binaries
461166986,Eclipsing Binaries
156733696,Eclipsing Binaries
393990054,Eclipsing Binaries
175532970,Eclipsing Binaries
198384855,Eclipsing Binaries
296447137,Eclipsing Binaries
66553270,Eclipsing Binaries
243013712,Eclipsing Binaries
80133050,Eclipsing Binaries
167031605,Eclipsing Binaries
441546821,Eclipsing Binaries
8242775,Eclipsing Binaries
270491865,Eclipsing Binaries
61708089,Eclipsing Binaries
4984497,Eclipsing Binaries
120973990,Eclipsing Binaries
405228534,Eclipsing Binaries
270245976,Eclipsing Binaries
13256466,Eclipsing Binaries
100623937,Eclipsing Binaries
318472919,Eclipsing Binaries
184318481,Eclipsing Binaries
112681546,Eclipsing Binaries
292877544,Eclipsing Binaries
22624096,Eclipsing Binaries
300217120,Eclipsing Binaries
287898659,Eclipsing Binaries
124816116,Eclipsing Binaries
345750651,Eclipsing Binaries
64704038,Eclipsing Binaries
101255979,Eclipsing Binaries
393277969,Eclipsing Binaries
31813305,Eclipsing Binaries
103680444,Eclipsing Binaries
443911627,Eclipsing Binaries
98413654,Eclipsing Binaries
209462063,Eclipsing Binaries
303539867,Eclipsing Binaries
32673513,Eclipsing Binaries
403824975,Eclipsing Binaries
435906163,Eclipsing Binaries
66646929,Eclipsing Binaries
219207429,Eclipsing Binaries
33159045,Eclipsing Binaries
381951864,Eclipsing Binaries
45776948,Eclipsing Binaries
235048914,Eclipsing Binaries
206488857,Eclipsing Binaries
64779720,Eclipsing Binaries
314847177,Eclipsing Binaries
343617743,Eclipsing Binaries
375520385,Eclipsing Binaries
267753669,Eclipsing Binaries
235380067,Eclipsing Binaries
358182319,Eclipsing Binaries
90152998,Eclipsing Binaries
154756950,Eclipsing Binaries
396720367,Eclipsing Binaries
348054969,Eclipsing Binaries
402675246,Eclipsing Binaries
198408416,Eclipsing Binaries
179106965,Eclipsing Binaries
284844323,Eclipsing Binaries
128347415,Eclipsing Binaries
58436294,Eclipsing Binaries
305805560,Eclipsing Binaries
100514582,Eclipsing Binaries
142090209,Eclipsing Binaries
83608134,Eclipsing Binaries
150489263,Eclipsing Binaries
309615557,Eclipsing Binaries
100252534,Eclipsing Binaries
331880248,Eclipsing Binaries
7907570,Eclipsing Binaries
343161634,Eclipsing Binaries
75946687,Eclipsing Binaries
4705233,Eclipsing Binaries
142780236,Eclipsing Binaries
393562403,Eclipsing Binaries
351924589,Eclipsing Binaries
180778806,Eclipsing Binaries
334799675,Eclipsing Binaries
300693489,Eclipsing Binaries
201249189,Eclipsing Binaries
219490518,Eclipsing Binaries
403019014,Eclipsing Binaries
202442615,Eclipsing Binaries
66939701,Eclipsing Binaries
259270495,Eclipsing Binaries
167673769,Eclipsing Binaries
24587351,Eclipsing Binaries
380501352,Eclipsing Binaries
24696447,Eclipsing Binaries
387337395,Eclipsing Binaries
349924623,Eclipsing Binaries
393630381,Eclipsing Binaries
200807654,Eclipsing Binaries
133760071,Eclipsing Binaries
405432466,Eclipsing Binaries
58732360,Eclipsing Binaries
301624891,Eclipsing Binaries
198419050,Eclipsing Binaries
181553178,Eclipsing Binaries
429414152,Eclipsing Binaries
93862515,Eclipsing Binaries
155532856,Eclipsing Binaries
460946673,Eclipsing Binaries
318717335,Eclipsing Binaries
82121994,Eclipsing Binaries
343339670,Eclipsing Binaries
410554986,Eclipsing Binaries
393761712,Eclipsing Binaries
251091168,Eclipsing Binaries
108472404,Eclipsing Binaries
175516776,Eclipsing Binaries
167201140,Eclipsing Binaries
954209072,Eclipsing Binaries
179784903,Eclipsing Binaries
355125919,Eclipsing Binaries
75207030,Eclipsing Binaries
192328418,Eclipsing Binaries
173045827,Eclipsing Binaries
250352193,Eclipsing Binaries
58610416,Eclipsing Binaries
466865336,Eclipsing Binaries
249035041,Eclipsing Binaries
334902406,Eclipsing Binaries
259388833,Eclipsing Binaries
377430444,Eclipsing Binaries
303306367,Eclipsing Binaries
289305462,Eclipsing Binaries
238188289,Eclipsing Binaries
281897356,Eclipsing Binaries
418022678,Eclipsing Binaries
813529012,Eclipsing Binaries
422860605,Eclipsing Binaries
70377281,Eclipsing Binaries
99841783,Eclipsing Binaries
200850661,Eclipsing Binaries
75028873,Eclipsing Binaries
402324417,Eclipsing Binaries
394072775,Eclipsing Binaries
452952288,Eclipsing Binaries
383477928,Eclipsing Binaries
444038472,Eclipsing Binaries
118268204,Eclipsing Binaries
33064928,Eclipsing Binaries
318340899,Eclipsing Binaries
276793666,Eclipsing Binaries
268214878,Eclipsing Binaries
7723517,Eclipsing Binaries
380095001,Eclipsing Binaries
238230005,Eclipsing Binaries
141123114,Eclipsing Binaries
402365398,Eclipsing Binaries
360712037,Eclipsing Binaries
402039717,Eclipsing Binaries
116853333,Eclipsing Binaries
101111524,Eclipsing Binaries
304024196,Eclipsing Binaries
29846974,Eclipsing Binaries
117394645,Eclipsing Binaries
142042466,Eclipsing Binaries
43272398,Eclipsing Binaries
58458550,Eclipsing Binaries
452710076,Eclipsing Binaries
32835581,Eclipsing Binaries
100622894,Eclipsing Binaries
251191126,Eclipsing Binaries
867800,Eclipsing Binaries
48251187,Eclipsing Binaries
66023799,Eclipsing Binaries
393891355,Eclipsing Binaries
351559398,Eclipsing Binaries
19391953,Eclipsing Binaries
32761659,Eclipsing Binaries
231276497,Eclipsing Binaries
16054206,Eclipsing Binaries
40457215,Eclipsing Binaries
418636774,Eclipsing Binaries
133954579,Eclipsing Binaries
303502327,Eclipsing Binaries
110116025,Eclipsing Binaries
117071565,Eclipsing Binaries
360548247,Eclipsing Binaries
354557067,Eclipsing Binaries
159047957,Eclipsing Binaries
237209616,Eclipsing Binaries
385192774,Eclipsing Binaries
4346871,Eclipsing Binaries
301676530,Eclipsing Binaries
167335640,Eclipsing Binaries
360152097,Eclipsing Binaries
273083763,Eclipsing Binaries
351667712,Eclipsing Binaries
303855093,Eclipsing Binaries
386486866,Eclipsing Binaries
142785278,Eclipsing Binaries
410270831,Eclipsing Binaries
8013177,Eclipsing Binaries
310364195,Eclipsing Binaries
461239485,Eclipsing Binaries
101721385,Eclipsing Binaries
68149913,Eclipsing Binaries
452591819,Eclipsing Binaries
232535848,Eclipsing Binaries
301185877,Eclipsing Binaries
293157322,Eclipsing Binaries
155487376,Eclipsing Binaries
131813801,Eclipsing Binaries
353049875,Eclipsing Binaries
312064683,Eclipsing Binaries
80420022,Eclipsing Binaries
222629586,Eclipsing Binaries
146165619,Eclipsing Binaries
226241509,Eclipsing Binaries
335490512,Eclipsing Binaries
129775164,Eclipsing Binaries
296056114,Eclipsing Binaries
414439976,Eclipsing Binaries
141000703,Eclipsing Binaries
452411513,Eclipsing Binaries
200805075,Eclipsing Binaries
83287416,Eclipsing Binaries
141873753,Eclipsing Binaries
347006776,Eclipsing Binaries
24538690,Eclipsing Binaries
36549,Eclipsing Binaries
1980962304,Eclipsing Binaries
49831062,Eclipsing Binaries
318453184,Eclipsing Binaries
290172765,Eclipsing Binaries
71826166,Eclipsing Binaries
141186909,Eclipsing Binaries
464641792,Eclipsing Binaries
4430704,Eclipsing Binaries
33840782,Eclipsing Binaries
175344479,Eclipsing Binaries
167039082,Eclipsing Binaries
277995171,Eclipsing Binaries
385703414,Eclipsing Binaries
243017255,Eclipsing Binaries
286826161,Eclipsing Binaries
410363290,Eclipsing Binaries
313058663,Eclipsing Binaries
389726441,Eclipsing Binaries
159339947,Eclipsing Binaries
393831507,Eclipsing Binaries
35676085,Eclipsing Binaries
8444713,Eclipsing Binaries
100234224,Eclipsing Binaries
201251813,Eclipsing Binaries
66646431,Eclipsing Binaries
308912959,Eclipsing Binaries
361469226,Eclipsing Binaries
386061560,Eclipsing Binaries
157260698,Eclipsing Binaries
36840831,Eclipsing Binaries
28261901,Eclipsing Binaries
58761911,Eclipsing Binaries
33527096,Eclipsing Binaries
377307150,Eclipsing Binaries
26478243,Eclipsing Binaries
192539580,Eclipsing Binaries
267605474,Eclipsing Binaries
76528780,Eclipsing Binaries
33393348,Eclipsing Binaries
140580579,Eclipsing Binaries
341069187,Eclipsing Binaries
376789631,Eclipsing Binaries
222235243,Eclipsing Binaries
242466305,Eclipsing Binaries
469753635,Eclipsing Binaries
452734608,Eclipsing Binaries
135521610,Eclipsing Binaries
269718665,Eclipsing Binaries
429139380,Eclipsing Binaries
153972241,Eclipsing Binaries
173004953,Eclipsing Binaries
304030311,Eclipsing Binaries
29537965,Eclipsing Binaries
124691209,Eclipsing Binaries
457921140,Eclipsing Binaries
276302179,Eclipsing Binaries
409120988,Eclipsing Binaries
99938044,Eclipsing Binaries
120073413,Eclipsing Binaries
376780078,Eclipsing Binaries
17434,Eclipsing Binaries
247176596,Eclipsing Binaries
24571260,Eclipsing Binaries
91866126,Eclipsing Binaries
377263944,Eclipsing Binaries
175476265,Eclipsing Binaries
7982892,Eclipsing Binaries
60275926,Eclipsing Binaries
239467159,Eclipsing Binaries
264986967,Eclipsing Binaries
271999940,Eclipsing Binaries
55267505,Eclipsing Binaries
317693251,Eclipsing Binaries
353360301,Eclipsing Binaries
139576423,Eclipsing Binaries
237104103,Eclipsing Binaries
103568608,Eclipsing Binaries
453674885,Eclipsing Binaries
99869022,Eclipsing Binaries
301309665,Eclipsing Binaries
443897491,Eclipsing Binaries
284591947,Eclipsing Binaries
301652958,Eclipsing Binaries
109050057,Eclipsing Binaries
122670853,Eclipsing Binaries
418794892,Eclipsing Binaries
461267068,Eclipsing Binaries
94470667,Eclipsing Binaries
360480162,Eclipsing Binaries
237913159,Eclipsing Binaries
224272216,Eclipsing Binaries
60595549,Eclipsing Binaries
421182491,Eclipsing Binaries
74629729,Eclipsing Binaries
14448367,Eclipsing Binaries
386890019,Eclipsing Binaries
209316345,Eclipsing Binaries
326598766,Eclipsing Binaries
279464741,Eclipsing Binaries
443956777,Eclipsing Binaries
100389539,Eclipsing Binaries
130158363,Eclipsing Binaries
288878839,Eclipsing Binaries
49736897,Eclipsing Binaries
438748651,Eclipsing Binaries
316489897,Eclipsing Binaries
100028298,Eclipsing Binaries
318175393,Eclipsing Binaries
347362918,Eclipsing Binaries
156155114,Eclipsing Binaries
302190527,Eclipsing Binaries
282535637,Eclipsing Binaries
200744498,Eclipsing Binaries
301187370,Eclipsing Binaries
446267312,Eclipsing Binaries
91919025,Eclipsing Binaries
100172645,Eclipsing Binaries
91553772,Eclipsing Binaries
123218025,Eclipsing Binaries
31449841,Eclipsing Binaries
250349914,Eclipsing Binaries
293412472,Eclipsing Binaries
200515351,Eclipsing Binaries
79140936,Eclipsing Binaries
68550042,Eclipsing Binaries
117155033,Eclipsing Binaries
399945769,Eclipsing Binaries
385081073,Eclipsing Binaries
66490595,Eclipsing Binaries
199172184,Eclipsing Binaries
401918242,Eclipsing Binaries
276233041,Eclipsing Binaries
284527043,Eclipsing Binaries
24692894,Eclipsing Binaries
344631714,Eclipsing Binaries
180759422,Eclipsing Binaries
254303133,Eclipsing Binaries
175980318,Eclipsing Binaries
114392285,Eclipsing Binaries
285002342,Eclipsing Binaries
91438340,Eclipsing Binaries
321044352,Eclipsing Binaries
299839948,Eclipsing Binaries
150170862,Eclipsing Binaries
143973164,Eclipsing Binaries
24527145,Eclipsing Binaries
265591866,Eclipsing Binaries
271186951,Eclipsing Binaries
372443687,Eclipsing Binaries
159109948,Eclipsing Binaries
55285974,Eclipsing Binaries
54762208,Eclipsing Binaries
310352064,Eclipsing Binaries
468994358,Eclipsing Binaries
423892229,Eclipsing Binaries
150355352,Eclipsing Binaries
123496052,Eclipsing Binaries
431947555,Eclipsing Binaries
58947120,RR Lyrae
385445333,RR Lyrae
268766079,RR Lyrae
207085743,RR Lyrae
184090085,RR Lyrae
460765494,RR Lyrae
91897829,RR Lyrae
231174677,RR Lyrae
37874090,RR Lyrae
302911288,RR Lyrae
272680557,RR Lyrae
177313148,RR Lyrae
111222917,RR Lyrae
141937246,RR Lyrae
209393544,RR Lyrae
75419102,RR Lyrae
435911045,RR Lyrae
292986973,RR Lyrae
100028338,RR Lyrae
461657192,RR Lyrae
259763318,RR Lyrae
452768557,RR Lyrae
377364973,RR Lyrae
70021977,RR Lyrae
142110847,RR Lyrae
142488570,RR Lyrae
332563937,RR Lyrae
7696824,RR Lyrae
402680991,RR Lyrae
7789803,RR Lyrae
165868776,RR Lyrae
301892458,RR Lyrae
393449315,RR Lyrae
66677618,RR Lyrae
295696134,RR Lyrae
206311113,RR Lyrae
16281705,RR Lyrae
300892362,RR Lyrae
142383896,RR Lyrae
284428973,RR Lyrae
376689735,RR Lyrae
16371155,RR Lyrae
393702163,RR Lyrae
363734028,RR Lyrae
301158182,RR Lyrae
428718944,RR Lyrae
3993714,RR Lyrae
35206389,RR Lyrae
309850209,RR Lyrae
467176582,RR Lyrae
353029655,RR Lyrae
158569778,RR Lyrae
88901153,RR Lyrae
100528787,RR Lyrae
142848791,RR Lyrae
180024399,RR Lyrae
234512227,RR Lyrae
377156735,RR Lyrae
293525779,RR Lyrae
207318741,RR Lyrae
237133715,RR Lyrae
389961169,RR Lyrae
270049799,RR Lyrae
182892499,RR Lyrae
38154826,Rotation Modulation
385589685,Rotation Modulation
200807596,Rotation Modulation
203294600,Rotation Modulation
385208911,Rotation Modulation
17448232,Rotation Modulation
175238936,Rotation Modulation
150359500,Rotation Modulation
35159568,Rotation Modulation
24401034,Rotation Modulation
255560958,Rotation Modulation
427376138,Rotation Modulation
224276435,Rotation Modulation
134181262,Rotation Modulation
15905293,Rotation Modulation
334234040,Rotation Modulation
242991771,Rotation Modulation
293144746,Rotation Modulation
440688990,Rotation Modulation
150358579,Rotation Modulation
339770560,Rotation Modulation
333714255,Rotation Modulation
310234250,Rotation Modulation
279536833,Rotation Modulation
91677692,Rotation Modulation
286148124,Rotation Modulation
9964897,Rotation Modulation
470997294,Rotation Modulation
229514638,Rotation Modulation
54665494,Rotation Modulation
24628480,Rotation Modulation
368842434,Rotation Modulation
158788250,Rotation Modulation
234497476,Rotation Modulation
91515785,Rotation Modulation
461297475,Rotation Modulation
435881139,Rotation Modulation
219149381,Rotation Modulation
1101395905,Rotation Modulation
125552083,Rotation Modulation
400314728,Rotation Modulation
25153167,Rotation Modulation
142155612,Rotation Modulation
7647775,Rotation Modulation
125530623,Rotation Modulation
112322390,Rotation Modulation
365153226,Rotation Modulation
159312066,Rotation Modulation
201233408,Rotation Modulation
376928980,Rotation Modulation
49687321,Rotation Modulation
427376139,Rotation Modulation
32639126,Rotation Modulation
284496549,Rotation Modulation
44877094,Rotation Modulation
179006947,Rotation Modulation
158669386,Rotation Modulation
257605749,Rotation Modulation
158920144,Rotation Modulation
352960335,Rotation Modulation
138216657,Rotation Modulation
276652725,Rotation Modulation
251079483,Rotation Modulation
17149796,Rotation Modulation
66646955,Rotation Modulation
8000287,Rotation Modulation
97507784,Rotation Modulation
396831917,Rotation Modulation
167719767,Rotation Modulation
10183070,Rotation Modulation
118676117,Rotation Modulation
259291370,Rotation Modulation
32677026,Rotation Modulation
293342917,Rotation Modulation
435880145,Rotation Modulation
262413434,Rotation Modulation
368913222,Rotation Modulation
242612195,Rotation Modulation
234284556,Rotation Modulation
407991441,Rotation Modulation
229561355,Rotation Modulation
24588599,Rotation Modulation
25002134,Rotation Modulation
461303113,Rotation Modulation
452591471,Rotation Modulation
376851367,Rotation Modulation
404462907,Rotation Modulation
200790342,Rotation Modulation
243153498,Rotation Modulation
302413486,Rotation Modulation
284476342,Rotation Modulation
410351494,Rotation Modulation
231910539,Rotation Modulation
301309154,Rotation Modulation
242955126,Rotation Modulation
427499902,Rotation Modulation
16074786,Rotation Modulation
